nprocs,tiempo_sec,speedup
1,0.000964,1.0
2,0.000632,1.525316
3,0.000731,1.318741
